{
    "@context": "\/api\/3\/contexts\/SystemViewTemplate",
    "@type": "SystemViewTemplate",
    "type": "rows",
    "config": {
        "actionButtons": [],
        "rows": [
            {
                "columns": [
                    {
                        "style": "col-lg-12",
                        "widgets": [
                            {
                                "config": {
                                    "idField": "id",
                                    "picklistField": "criticality",
                                    "picklistFieldReadOnly": false,
                                    "titleField": "name",
                                    "titleFieldLinky": true,
                                    "titleFieldReadOnly": false,
                                    "wid": "5e0b9d41-a941-432b-9689-2c816b2dcf1f",
                                    "featuredRelationship": {
                                        "field": null,
                                        "preText": "Under Investigation In",
                                        "query": null,
                                        "statusField": null,
                                        "sort": []
                                    }
                                },
                                "type": "primaryDetail"
                            }
                        ]
                    }
                ],
                "wid": "7fa01871-cd21-49cb-b383-2260a27b447a",
                "_collapsed": false,
                "collapsible": false,
                "collapsibleIndex": 0
            },
            {
                "columns": [
                    {
                        "style": "col-lg-12",
                        "widgets": [
                            {
                                "config": {
                                    "isPrimaryTab": true,
                                    "tabs": [
                                        {
                                            "active": 0,
                                            "icon": "icon icon-assets",
                                            "show": true,
                                            "title": "Asset Details",
                                            "widget": {
                                                "config": {
                                                    "rows": [
                                                        {
                                                            "columns": [
                                                                {
                                                                    "style": "col-lg-12",
                                                                    "widgets": [
                                                                        {
                                                                            "config": {
                                                                                "rows": [
                                                                                    {
                                                                                        "columns": [
                                                                                            {
                                                                                                "fields": [
                                                                                                    {
                                                                                                        "highlightMode": true,
                                                                                                        "linky": true,
                                                                                                        "name": "description",
                                                                                                        "readOnly": false
                                                                                                    }
                                                                                                ],
                                                                                                "style": "col-lg-6"
                                                                                            },
                                                                                            {
                                                                                                "fields": [
                                                                                                    {
                                                                                                        "name": "vulnerabilityRiskStatus",
                                                                                                        "highlightMode": true,
                                                                                                        "readOnly": false
                                                                                                    },
                                                                                                    {
                                                                                                        "name": "criticality",
                                                                                                        "highlightMode": true,
                                                                                                        "readOnly": false
                                                                                                    }
                                                                                                ],
                                                                                                "style": "col-lg-6"
                                                                                            }
                                                                                        ],
                                                                                        "style": ""
                                                                                    }
                                                                                ],
                                                                                "wid": "b3da768a-7e78-4ef3-9c25-50f78b7700c1"
                                                                            },
                                                                            "type": "editableFormGroup"
                                                                        },
                                                                        {
                                                                            "type": "editableFormGroup",
                                                                            "config": {
                                                                                "wid": "04123311-acfd-4454-a1a0-c414757175fb",
                                                                                "rows": [
                                                                                    {
                                                                                        "columns": [
                                                                                            {
                                                                                                "fields": [
                                                                                                    {
                                                                                                        "name": "ip",
                                                                                                        "highlightMode": true,
                                                                                                        "readOnly": false
                                                                                                    },
                                                                                                    {
                                                                                                        "name": "hostname",
                                                                                                        "highlightMode": true,
                                                                                                        "readOnly": false
                                                                                                    },
                                                                                                    {
                                                                                                        "name": "macAddress",
                                                                                                        "highlightMode": true,
                                                                                                        "readOnly": false
                                                                                                    },
                                                                                                    {
                                                                                                        "name": "vendor",
                                                                                                        "highlightMode": true,
                                                                                                        "readOnly": false
                                                                                                    },
                                                                                                    {
                                                                                                        "name": "assetIcon",
                                                                                                        "highlightMode": true,
                                                                                                        "readOnly": false
                                                                                                    }
                                                                                                ],
                                                                                                "style": "col-lg-4"
                                                                                            },
                                                                                            {
                                                                                                "fields": [
                                                                                                    {
                                                                                                        "name": "zone",
                                                                                                        "highlightMode": true,
                                                                                                        "readOnly": false
                                                                                                    },
                                                                                                    {
                                                                                                        "name": "level",
                                                                                                        "highlightMode": true,
                                                                                                        "readOnly": false
                                                                                                    },
                                                                                                    {
                                                                                                        "name": "assetType",
                                                                                                        "highlightMode": true,
                                                                                                        "readOnly": false
                                                                                                    },
                                                                                                    {
                                                                                                        "name": "emailId",
                                                                                                        "highlightMode": true,
                                                                                                        "readOnly": false
                                                                                                    }
                                                                                                ],
                                                                                                "style": "col-lg-4"
                                                                                            },
                                                                                            {
                                                                                                "fields": [
                                                                                                    {
                                                                                                        "name": "protocol",
                                                                                                        "highlightMode": true,
                                                                                                        "readOnly": false
                                                                                                    },
                                                                                                    {
                                                                                                        "name": "network",
                                                                                                        "highlightMode": true,
                                                                                                        "readOnly": false
                                                                                                    },
                                                                                                    {
                                                                                                        "name": "subnet",
                                                                                                        "highlightMode": true,
                                                                                                        "readOnly": false
                                                                                                    },
                                                                                                    {
                                                                                                        "name": "firmware",
                                                                                                        "highlightMode": true,
                                                                                                        "readOnly": false
                                                                                                    }
                                                                                                ],
                                                                                                "style": "col-lg-4"
                                                                                            }
                                                                                        ]
                                                                                    }
                                                                                ],
                                                                                "title": "Asset Information"
                                                                            }
                                                                        },
                                                                        {
                                                                            "type": "editableFormGroup",
                                                                            "config": {
                                                                                "wid": "125300be-b972-44b9-a949-25f27e6e8974",
                                                                                "rows": [
                                                                                    {
                                                                                        "columns": [
                                                                                            {
                                                                                                "fields": [
                                                                                                    {
                                                                                                        "name": "registrationDate",
                                                                                                        "highlightMode": true,
                                                                                                        "readOnly": false
                                                                                                    },
                                                                                                    {
                                                                                                        "name": "status",
                                                                                                        "highlightMode": true,
                                                                                                        "readOnly": false
                                                                                                    },
                                                                                                    {
                                                                                                        "name": "state",
                                                                                                        "highlightMode": true,
                                                                                                        "readOnly": false
                                                                                                    },
                                                                                                    {
                                                                                                        "name": "facility",
                                                                                                        "highlightMode": true,
                                                                                                        "readOnly": false
                                                                                                    },
                                                                                                    {
                                                                                                        "name": "tag",
                                                                                                        "highlightMode": true,
                                                                                                        "readOnly": false
                                                                                                    }
                                                                                                ],
                                                                                                "style": "col-lg-4"
                                                                                            },
                                                                                            {
                                                                                                "fields": [
                                                                                                    {
                                                                                                        "name": "category",
                                                                                                        "highlightMode": true,
                                                                                                        "readOnly": false
                                                                                                    },
                                                                                                    {
                                                                                                        "name": "assetClass",
                                                                                                        "highlightMode": true,
                                                                                                        "readOnly": false
                                                                                                    },
                                                                                                    {
                                                                                                        "name": "operatingSystem",
                                                                                                        "highlightMode": true,
                                                                                                        "readOnly": false
                                                                                                    },
                                                                                                    {
                                                                                                        "name": "location",
                                                                                                        "highlightMode": true,
                                                                                                        "readOnly": false
                                                                                                    },
                                                                                                    {
                                                                                                        "name": "eSPZone",
                                                                                                        "highlightMode": true,
                                                                                                        "readOnly": false
                                                                                                    }
                                                                                                ],
                                                                                                "style": "col-lg-4"
                                                                                            },
                                                                                            {
                                                                                                "fields": [
                                                                                                    {
                                                                                                        "name": "createUser",
                                                                                                        "highlightMode": true,
                                                                                                        "readOnly": false
                                                                                                    },
                                                                                                    {
                                                                                                        "name": "createDate",
                                                                                                        "highlightMode": true,
                                                                                                        "readOnly": false
                                                                                                    },
                                                                                                    {
                                                                                                        "name": "modifyUser",
                                                                                                        "highlightMode": true,
                                                                                                        "readOnly": false
                                                                                                    },
                                                                                                    {
                                                                                                        "name": "modifyDate",
                                                                                                        "highlightMode": true,
                                                                                                        "readOnly": false
                                                                                                    },
                                                                                                    {
                                                                                                        "name": "propertyOf",
                                                                                                        "highlightMode": true,
                                                                                                        "readOnly": false
                                                                                                    }
                                                                                                ],
                                                                                                "style": "col-lg-4"
                                                                                            }
                                                                                        ]
                                                                                    }
                                                                                ],
                                                                                "title": "Details"
                                                                            }
                                                                        }
                                                                    ]
                                                                }
                                                            ],
                                                            "wid": "0089b6e0-66f9-4a36-87c4-bf95ca1b3f46",
                                                            "_collapsed": false
                                                        },
                                                        {
                                                            "columns": [
                                                                {
                                                                    "widgets": [
                                                                        {
                                                                            "type": "visualCorrelation",
                                                                            "config": {
                                                                                "wid": "e69f019b-29d7-45d0-87e7-a19215c6b749",
                                                                                "nodeLevels": [],
                                                                                "title": "Asset Correlations"
                                                                            }
                                                                        }
                                                                    ],
                                                                    "style": "col-lg-12"
                                                                }
                                                            ],
                                                            "wid": "6dc96cab-f4ed-4bb1-b88f-70a6b161b8ce",
                                                            "_collapsed": false
                                                        },
                                                        {
                                                            "columns": [
                                                                {
                                                                    "style": "col-lg-12",
                                                                    "widgets": [
                                                                        {
                                                                            "config": {
                                                                                "tabs": [
                                                                                    {
                                                                                        "active": 0,
                                                                                        "icon": "fa fa-list-alt",
                                                                                        "show": true,
                                                                                        "title": "Related Records",
                                                                                        "widget": {
                                                                                            "config": {
                                                                                                "excludes": [
                                                                                                    "notes",
                                                                                                    "comments",
                                                                                                    "attachments",
                                                                                                    "owners",
                                                                                                    "assets",
                                                                                                    "tasks",
                                                                                                    "scans",
                                                                                                    "assetChangeActivities",
                                                                                                    "vulnerabilities",
                                                                                                    "cVEs",
                                                                                                    "iCSAdvisories",
                                                                                                    "kEVAlerts"
                                                                                                ],
                                                                                                "expandableCol": [],
                                                                                                "wid": "a6c0e83d-2f8d-4156-9d55-44e4890e89f7",
                                                                                                "selectionType": "exclude",
                                                                                                "enableHorizontalScroll": [],
                                                                                                "includes": []
                                                                                            },
                                                                                            "type": "relationship.subtab"
                                                                                        },
                                                                                        "visible": true
                                                                                    },
                                                                                    {
                                                                                        "active": 0,
                                                                                        "icon": "icon icon-access-control",
                                                                                        "show": false,
                                                                                        "title": "Access Control",
                                                                                        "widget": {
                                                                                            "type": "accessControl",
                                                                                            "config": {
                                                                                                "wid": "aa42e346-c882-43d5-bc86-d3cd5ffacc37",
                                                                                                "inlineEditor": true,
                                                                                                "optionalField1": true,
                                                                                                "optionalField2": true
                                                                                            }
                                                                                        },
                                                                                        "visible": true
                                                                                    },
                                                                                    {
                                                                                        "title": "Related Assets",
                                                                                        "active": 0,
                                                                                        "widget": {
                                                                                            "type": "relationship.subtab",
                                                                                            "config": {
                                                                                                "wid": "c693f574-af35-4192-ade7-1d31b108d3fa",
                                                                                                "excludes": [],
                                                                                                "selectionType": "include",
                                                                                                "expandableCol": [],
                                                                                                "enableHorizontalScroll": [],
                                                                                                "includes": [
                                                                                                    "assets"
                                                                                                ]
                                                                                            }
                                                                                        },
                                                                                        "icon": "icon icon-assets",
                                                                                        "show": false,
                                                                                        "visible": true
                                                                                    },
                                                                                    {
                                                                                        "title": "Asset Change Activity",
                                                                                        "active": 0,
                                                                                        "widget": {
                                                                                            "type": "relationship.subtab",
                                                                                            "config": {
                                                                                                "wid": "5a084e1b-40e8-460d-ac1e-ea3f4169dba0",
                                                                                                "excludes": [],
                                                                                                "selectionType": "include",
                                                                                                "expandableCol": [],
                                                                                                "enableHorizontalScroll": [],
                                                                                                "includes": [
                                                                                                    "assetChangeActivities"
                                                                                                ]
                                                                                            }
                                                                                        },
                                                                                        "icon": "icon icon-change-severity",
                                                                                        "show": true,
                                                                                        "visible": true
                                                                                    },
                                                                                    {
                                                                                        "title": "Vulnerability Management",
                                                                                        "active": 0,
                                                                                        "widget": {
                                                                                            "type": "relationship.subtab",
                                                                                            "config": {
                                                                                                "wid": "9193ba2c-c7d0-434c-bbfd-779e2b34f2f3",
                                                                                                "excludes": [
                                                                                                    "notes",
                                                                                                    "comments",
                                                                                                    "userOwners",
                                                                                                    "attachments",
                                                                                                    "assets",
                                                                                                    "alerts",
                                                                                                    "incidents",
                                                                                                    "tasks",
                                                                                                    "companies",
                                                                                                    "indicators",
                                                                                                    "warrooms",
                                                                                                    "assetChangeActivities",
                                                                                                    "owners"
                                                                                                ],
                                                                                                "selectionType": "exclude",
                                                                                                "expandableCol": [],
                                                                                                "enableHorizontalScroll": [],
                                                                                                "includes": []
                                                                                            }
                                                                                        },
                                                                                        "icon": "icon icon-vulnerability-management",
                                                                                        "show": true,
                                                                                        "visible": true
                                                                                    }
                                                                                ],
                                                                                "wid": "f6d8c42a-3ea1-4b86-bc48-2d92d05b88fc"
                                                                            },
                                                                            "type": "tabs"
                                                                        }
                                                                    ]
                                                                }
                                                            ],
                                                            "wid": "8580c0bd-5912-4559-8d71-0a62101a4233",
                                                            "_collapsed": false
                                                        }
                                                    ],
                                                    "wid": "30f79ebd-48e8-4b8d-ab5a-2105d9390965"
                                                },
                                                "type": "rows"
                                            },
                                            "visible": true
                                        },
                                        {
                                            "active": 0,
                                            "icon": "icon icon-playbooks",
                                            "show": false,
                                            "title": "Playbooks",
                                            "widget": {
                                                "config": {
                                                    "wid": "d84cc0d4-b975-42d4-8733-f4c4b14ce049"
                                                },
                                                "type": "executedPlaybooks"
                                            },
                                            "visible": true
                                        },
                                        {
                                            "active": 0,
                                            "icon": "icon icon-audit-log",
                                            "show": false,
                                            "title": "Audit Log",
                                            "widget": {
                                                "config": {
                                                    "rows": [
                                                        {
                                                            "columns": [
                                                                {
                                                                    "widgets": [
                                                                        {
                                                                            "config": {
                                                                                "wid": "bdcd1749-4d5c-4b3a-b142-4d0b57be621a"
                                                                            },
                                                                            "type": "timeline"
                                                                        }
                                                                    ],
                                                                    "style": "col-lg-12"
                                                                }
                                                            ],
                                                            "wid": "ee88f939-645e-4480-b698-a6c22e7e1f55",
                                                            "_collapsed": false
                                                        }
                                                    ],
                                                    "wid": "f6c1af0d-1903-4994-98fa-80f53c79c68b"
                                                },
                                                "type": "rows"
                                            },
                                            "visible": true
                                        }
                                    ],
                                    "wid": "12d286ef-cb3b-41ca-a8cc-9e31dfb96414"
                                },
                                "type": "tabs"
                            }
                        ]
                    }
                ],
                "wid": "55423dee-5ac1-435b-9fcf-06257a61fcc3",
                "_collapsed": false
            }
        ],
        "wid": "6a9cfac8-2980-4900-ba5a-e295af64aec2",
        "metadata": []
    },
    "uuid": "modules-assets-detail"
}