{
    "@context": "\/api\/3\/contexts\/SystemViewTemplate",
    "@type": "SystemViewTemplate",
    "type": "rows",
    "config": {
        "rows": [
            {
                "columns": [
                    {
                        "widgets": [
                            {
                                "type": "chart",
                                "config": {
                                    "wid": "229923c5-d391-49ae-b5e1-68d03256a767",
                                    "widgetAlwaysDisplay": true,
                                    "query": {
                                        "sort": [
                                            {
                                                "field": "level.orderIndex",
                                                "direction": "ASC"
                                            }
                                        ],
                                        "limit": 2147483647,
                                        "logic": "AND",
                                        "filters": [],
                                        "aggregates": [
                                            {
                                                "operator": "countdistinct",
                                                "field": "*",
                                                "alias": "total"
                                            },
                                            {
                                                "operator": "groupby",
                                                "alias": "level",
                                                "field": "level.itemValue"
                                            },
                                            {
                                                "operator": "groupby",
                                                "alias": "color",
                                                "field": "level.color"
                                            },
                                            {
                                                "operator": "groupby",
                                                "alias": "orderIndex",
                                                "field": "level.orderIndex"
                                            }
                                        ]
                                    },
                                    "mapping": {
                                        "fieldName": "level"
                                    },
                                    "assignedToSetting": "onlyMe",
                                    "aggregate": true,
                                    "title": "Asset By Level",
                                    "resource": "assets",
                                    "chart": "donut",
                                    "showCount": true
                                }
                            }
                        ],
                        "style": "col-lg-4"
                    },
                    {
                        "widgets": [
                            {
                                "type": "chart",
                                "config": {
                                    "wid": "12ad943e-f2f7-44a0-ae58-a1c9e820bc1d",
                                    "widgetAlwaysDisplay": true,
                                    "query": {
                                        "sort": [
                                            {
                                                "field": "zone.orderIndex",
                                                "direction": "ASC"
                                            }
                                        ],
                                        "limit": 2147483647,
                                        "logic": "AND",
                                        "filters": [],
                                        "aggregates": [
                                            {
                                                "operator": "countdistinct",
                                                "field": "*",
                                                "alias": "total"
                                            },
                                            {
                                                "operator": "groupby",
                                                "alias": "zone",
                                                "field": "zone.itemValue"
                                            },
                                            {
                                                "operator": "groupby",
                                                "alias": "color",
                                                "field": "zone.color"
                                            },
                                            {
                                                "operator": "groupby",
                                                "alias": "orderIndex",
                                                "field": "zone.orderIndex"
                                            }
                                        ]
                                    },
                                    "mapping": {
                                        "fieldName": "zone"
                                    },
                                    "assignedToSetting": "onlyMe",
                                    "aggregate": true,
                                    "title": "Asset By Zone",
                                    "resource": "assets",
                                    "chart": "donut",
                                    "showCount": true
                                }
                            }
                        ],
                        "style": "col-lg-4"
                    },
                    {
                        "widgets": [
                            {
                                "type": "chart",
                                "config": {
                                    "wid": "2cdcec12-3934-47b2-9a0f-776d1ec22ad0",
                                    "widgetAlwaysDisplay": true,
                                    "query": {
                                        "sort": [
                                            {
                                                "field": "criticality.orderIndex",
                                                "direction": "ASC"
                                            }
                                        ],
                                        "limit": 2147483647,
                                        "logic": "AND",
                                        "filters": [],
                                        "aggregates": [
                                            {
                                                "operator": "countdistinct",
                                                "field": "*",
                                                "alias": "total"
                                            },
                                            {
                                                "operator": "groupby",
                                                "alias": "criticality",
                                                "field": "criticality.itemValue"
                                            },
                                            {
                                                "operator": "groupby",
                                                "alias": "color",
                                                "field": "criticality.color"
                                            },
                                            {
                                                "operator": "groupby",
                                                "alias": "orderIndex",
                                                "field": "criticality.orderIndex"
                                            }
                                        ]
                                    },
                                    "mapping": {
                                        "fieldName": "criticality"
                                    },
                                    "assignedToSetting": "onlyMe",
                                    "aggregate": true,
                                    "title": "Asset By Criticality",
                                    "resource": "assets",
                                    "chart": "donut",
                                    "showCount": true
                                }
                            }
                        ],
                        "style": "col-lg-4"
                    }
                ],
                "wid": "013d2197-20f4-4e98-ac7b-6ab937e700bd",
                "collapsible": false,
                "collapsibleIndex": 0
            },
            {
                "columns": [
                    {
                        "widgets": [
                            {
                                "config": {
                                    "wid": "da379bfb-1eb8-4cb8-9472-ec095cfddd1f"
                                },
                                "type": "grid"
                            }
                        ],
                        "style": "col-lg-12"
                    }
                ],
                "wid": "13db97ba-c56c-4a35-b220-a1f6dcd4b6ad",
                "_collapsed": false
            }
        ],
        "wid": "fdf477a0-b9c2-4e3b-8b4e-80dd15ee13ed",
        "metadata": {
            "customTemplateTitle": "Assets",
            "originalTemplateTitle": "Assets"
        }
    },
    "uuid": "modules-assets-list"
}